model,split,source,class,AP50,AP50_95,precision,recall,iou,dice
maskrcnn,test,reported,base of tongue,n/p,n/p,n/p,n/p,n/p,n/p
maskrcnn,test,reported,bipolar,n/p,n/p,n/p,n/p,n/p,n/p
maskrcnn,test,reported,bot,n/p,n/p,n/p,n/p,n/p,n/p
maskrcnn,test,reported,cut,n/p,n/p,n/p,n/p,n/p,n/p
maskrcnn,test,reported,endotracheal tube,n/p,n/p,n/p,n/p,n/p,n/p
maskrcnn,test,reported,ligasure,n/p,n/p,n/p,n/p,n/p,n/p
maskrcnn,test,reported,maryland,n/p,n/p,n/p,n/p,n/p,n/p
maskrcnn,test,reported,medial pterygoid muscle,n/p,n/p,n/p,n/p,n/p,n/p
maskrcnn,test,reported,monopolar,n/p,n/p,n/p,n/p,n/p,n/p
maskrcnn,test,reported,parapharyngeal fat,n/p,n/p,n/p,n/p,n/p,n/p
maskrcnn,test,reported,posterior pharyngeal wall,n/p,n/p,n/p,n/p,n/p,n/p
maskrcnn,test,reported,prevertebral fascia,n/p,n/p,n/p,n/p,n/p,n/p
maskrcnn,test,reported,soft palate,n/p,n/p,n/p,n/p,n/p,n/p
maskrcnn,test,reported,suction,n/p,n/p,n/p,n/p,n/p,n/p
maskrcnn,test,recomputed,base of tongue,0.357471,0.178551,0.560973,0.357143,0.739183,0.843502
maskrcnn,test,recomputed,bipolar,0.755820,0.652018,0.970172,0.508328,0.868055,0.926464
maskrcnn,test,recomputed,bot,1.000000,0.718300,0.843801,1.000000,0.847852,0.917594
maskrcnn,test,recomputed,cut,0.501743,0.222660,0.979843,0.349753,0.714687,0.831261
maskrcnn,test,recomputed,endotracheal tube,0.387239,0.349885,0.437500,0.875000,0.938143,0.968046
maskrcnn,test,recomputed,ligasure,0.000000,0.000000,n/p,0.000000,n/p,n/p
maskrcnn,test,recomputed,maryland,0.430563,0.324621,0.422072,0.579310,0.852447,0.917243
maskrcnn,test,recomputed,medial pterygoid muscle,0.819927,0.489611,1.000000,0.727810,0.791633,0.881486
maskrcnn,test,recomputed,monopolar,0.547645,0.452940,0.553740,0.597561,0.898465,0.945262
maskrcnn,test,recomputed,parapharyngeal fat,0.753137,0.351117,1.000000,0.413520,0.716543,0.832811
maskrcnn,test,recomputed,posterior pharyngeal wall,0.389970,0.184797,0.569256,0.345679,0.731925,0.840920
maskrcnn,test,recomputed,prevertebral fascia,0.000000,0.000000,0.000000,0.000000,n/p,n/p
maskrcnn,test,recomputed,soft palate,0.656764,0.325150,0.682739,0.635494,0.759182,0.859383
maskrcnn,test,recomputed,suction,0.624032,0.487294,0.397701,0.871795,0.869345,0.927159
yolo,test,reported,base of tongue,0.445000,0.284000,0.737000,0.357000,n/p,n/p
yolo,test,reported,bipolar,0.714000,0.594000,0.985000,0.500000,n/p,n/p
yolo,test,reported,bot,0.995000,0.796000,0.981000,1.000000,n/p,n/p
yolo,test,reported,cut,0.859000,0.349000,0.738000,0.893000,n/p,n/p
yolo,test,reported,endotracheal tube,0.995000,0.827000,0.992000,1.000000,n/p,n/p
yolo,test,reported,ligasure,0.000000,0.000000,0.000000,0.000000,n/p,n/p
yolo,test,reported,maryland,0.474000,0.333000,0.436000,0.705000,n/p,n/p
yolo,test,reported,medial pterygoid muscle,0.718000,0.373000,0.998000,0.672000,n/p,n/p
yolo,test,reported,monopolar,0.361000,0.336000,0.313000,0.439000,n/p,n/p
yolo,test,reported,parapharyngeal fat,0.814000,0.512000,1.000000,0.696000,n/p,n/p
yolo,test,reported,posterior pharyngeal wall,0.474000,0.185000,0.692000,0.383000,n/p,n/p
yolo,test,reported,prevertebral fascia,0.004160,0.000416,0.000000,0.000000,n/p,n/p
yolo,test,reported,soft palate,0.614000,0.401000,0.810000,0.515000,n/p,n/p
yolo,test,reported,suction,0.597000,0.463000,0.373000,0.833000,n/p,n/p
yolo,test,recomputed,base of tongue,0.423556,0.288016,0.785195,0.365644,0.822212,0.897660
yolo,test,recomputed,bipolar,0.504950,0.504950,1.000000,0.000000,0.960530,0.979863
yolo,test,recomputed,bot,1.000000,0.902866,0.982678,1.000000,0.939744,0.968921
yolo,test,recomputed,cut,0.778762,0.221811,0.715361,0.827338,0.640504,0.778198
yolo,test,recomputed,endotracheal tube,1.000000,0.898371,1.000000,0.999747,0.928681,0.962955
yolo,test,recomputed,ligasure,0.000000,0.000000,n/p,0.000000,n/p,n/p
yolo,test,recomputed,maryland,0.439860,0.314952,0.422223,0.703448,0.856686,0.918938
yolo,test,recomputed,medial pterygoid muscle,0.691843,0.336143,0.987778,0.672131,0.745330,0.852316
yolo,test,recomputed,monopolar,0.357145,0.324167,0.330243,0.439024,0.924911,0.960516
yolo,test,recomputed,parapharyngeal fat,0.811773,0.512185,1.000000,0.716763,0.807197,0.891531
yolo,test,recomputed,posterior pharyngeal wall,0.468311,0.175588,0.675730,0.320988,0.713335,0.828839
yolo,test,recomputed,prevertebral fascia,0.000000,0.000000,0.000000,0.000000,n/p,n/p
yolo,test,recomputed,soft palate,0.555960,0.397362,0.812095,0.469799,0.833585,0.906416
yolo,test,recomputed,suction,0.568446,0.426676,0.341123,0.858974,0.860593,0.922200
sam3_text,test,reported,base of tongue,n/p,n/p,n/p,n/p,n/p,n/p
sam3_text,test,reported,bipolar,n/p,n/p,n/p,n/p,n/p,n/p
sam3_text,test,reported,bot,n/p,n/p,n/p,n/p,n/p,n/p
sam3_text,test,reported,cut,n/p,n/p,n/p,n/p,n/p,n/p
sam3_text,test,reported,endotracheal tube,n/p,n/p,n/p,n/p,n/p,n/p
sam3_text,test,reported,ligasure,n/p,n/p,n/p,n/p,n/p,n/p
sam3_text,test,reported,maryland,n/p,n/p,n/p,n/p,n/p,n/p
sam3_text,test,reported,medial pterygoid muscle,n/p,n/p,n/p,n/p,n/p,n/p
sam3_text,test,reported,monopolar,n/p,n/p,n/p,n/p,n/p,n/p
sam3_text,test,reported,parapharyngeal fat,n/p,n/p,n/p,n/p,n/p,n/p
sam3_text,test,reported,posterior pharyngeal wall,n/p,n/p,n/p,n/p,n/p,n/p
sam3_text,test,reported,prevertebral fascia,n/p,n/p,n/p,n/p,n/p,n/p
sam3_text,test,reported,soft palate,n/p,n/p,n/p,n/p,n/p,n/p
sam3_text,test,reported,suction,n/p,n/p,n/p,n/p,n/p,n/p
sam3_text,test,recomputed,base of tongue,0.104541,0.060490,0.086123,0.614286,0.792739,0.880801
sam3_text,test,recomputed,bipolar,0.025203,0.017840,0.307692,0.062500,0.838090,0.911852
sam3_text,test,recomputed,bot,0.130612,0.104512,0.110820,1.000000,0.887018,0.940117
sam3_text,test,recomputed,cut,0.006817,0.002617,0.086420,0.050360,0.688315,0.814350
sam3_text,test,recomputed,endotracheal tube,0.000000,0.000000,0.000000,0.000000,n/p,n/p
sam3_text,test,recomputed,ligasure,0.000000,0.000000,0.000000,0.000000,n/p,n/p
sam3_text,test,recomputed,maryland,0.062016,0.038369,0.312945,0.034483,0.812787,0.889099
sam3_text,test,recomputed,medial pterygoid muscle,0.000000,0.000000,0.000000,0.000000,n/p,n/p
sam3_text,test,recomputed,monopolar,0.000000,0.000000,0.000000,0.000000,n/p,n/p
sam3_text,test,recomputed,parapharyngeal fat,0.000000,0.000000,0.000000,0.000000,n/p,n/p
sam3_text,test,recomputed,posterior pharyngeal wall,0.000000,0.000000,0.000000,0.000000,n/p,n/p
sam3_text,test,recomputed,prevertebral fascia,0.000000,0.000000,n/p,0.000000,n/p,n/p
sam3_text,test,recomputed,soft palate,0.000000,0.000000,n/p,0.000000,n/p,n/p
sam3_text,test,recomputed,suction,0.068661,0.053734,0.066758,0.217949,0.896075,0.943980
sam3_yolobox,test,reported,base of tongue,n/p,n/p,n/p,n/p,n/p,n/p
sam3_yolobox,test,reported,bipolar,n/p,n/p,n/p,n/p,n/p,n/p
sam3_yolobox,test,reported,bot,n/p,n/p,n/p,n/p,n/p,n/p
sam3_yolobox,test,reported,cut,n/p,n/p,n/p,n/p,n/p,n/p
sam3_yolobox,test,reported,endotracheal tube,n/p,n/p,n/p,n/p,n/p,n/p
sam3_yolobox,test,reported,ligasure,n/p,n/p,n/p,n/p,n/p,n/p
sam3_yolobox,test,reported,maryland,n/p,n/p,n/p,n/p,n/p,n/p
sam3_yolobox,test,reported,medial pterygoid muscle,n/p,n/p,n/p,n/p,n/p,n/p
sam3_yolobox,test,reported,monopolar,n/p,n/p,n/p,n/p,n/p,n/p
sam3_yolobox,test,reported,parapharyngeal fat,n/p,n/p,n/p,n/p,n/p,n/p
sam3_yolobox,test,reported,posterior pharyngeal wall,n/p,n/p,n/p,n/p,n/p,n/p
sam3_yolobox,test,reported,prevertebral fascia,n/p,n/p,n/p,n/p,n/p,n/p
sam3_yolobox,test,reported,soft palate,n/p,n/p,n/p,n/p,n/p,n/p
sam3_yolobox,test,reported,suction,n/p,n/p,n/p,n/p,n/p,n/p
sam3_yolobox,test,recomputed,base of tongue,0.423556,0.279921,0.785195,0.365644,0.813014,0.891709
sam3_yolobox,test,recomputed,bipolar,0.504950,0.504950,1.000000,0.000000,0.969060,0.984282
sam3_yolobox,test,recomputed,bot,1.000000,0.806366,0.982678,1.000000,0.896027,0.945157
sam3_yolobox,test,recomputed,cut,0.616013,0.116384,0.634494,0.733813,0.589054,0.739430
sam3_yolobox,test,recomputed,endotracheal tube,1.000000,0.902700,1.000000,0.999747,0.934405,0.966018
sam3_yolobox,test,recomputed,ligasure,0.000000,0.000000,n/p,0.000000,n/p,n/p
sam3_yolobox,test,recomputed,maryland,0.433822,0.293859,0.418084,0.696552,0.848114,0.914434
sam3_yolobox,test,recomputed,medial pterygoid muscle,0.691843,0.418307,0.987778,0.672131,0.803510,0.889551
sam3_yolobox,test,recomputed,monopolar,0.357145,0.305673,0.330243,0.439024,0.905657,0.949658
sam3_yolobox,test,recomputed,parapharyngeal fat,0.779419,0.452536,0.968991,0.694541,0.789062,0.880467
sam3_yolobox,test,recomputed,posterior pharyngeal wall,0.435208,0.196257,0.623750,0.296296,0.748621,0.851623
sam3_yolobox,test,recomputed,prevertebral fascia,0.000000,0.000000,0.000000,0.000000,n/p,n/p
sam3_yolobox,test,recomputed,soft palate,0.184054,0.130290,0.452453,0.261745,0.854091,0.918149
sam3_yolobox,test,recomputed,suction,0.558768,0.425690,0.336031,0.846154,0.868704,0.927254
sam3_gtbox,test,reported,base of tongue,0.984757,0.734053,n/p,n/p,0.848900,0.916200
sam3_gtbox,test,reported,bipolar,0.995000,0.791554,n/p,n/p,0.887900,0.938500
sam3_gtbox,test,reported,bot,0.995000,0.814516,n/p,n/p,0.897400,0.945900
sam3_gtbox,test,reported,cut,0.995000,0.449773,n/p,n/p,0.709100,0.828000
sam3_gtbox,test,reported,endotracheal tube,0.995000,0.904879,n/p,n/p,0.932800,0.965200
sam3_gtbox,test,reported,ligasure,0.995000,0.776583,n/p,n/p,0.862700,0.925600
sam3_gtbox,test,reported,maryland,0.953869,0.732922,n/p,n/p,0.850400,0.910600
sam3_gtbox,test,reported,medial pterygoid muscle,0.995000,0.584375,n/p,n/p,0.778000,0.872800
sam3_gtbox,test,reported,monopolar,0.988710,0.789168,n/p,n/p,0.855300,0.914300
sam3_gtbox,test,reported,parapharyngeal fat,0.995000,0.598605,n/p,n/p,0.791600,0.881200
sam3_gtbox,test,reported,posterior pharyngeal wall,0.981272,0.678914,n/p,n/p,0.830400,0.904300
sam3_gtbox,test,reported,prevertebral fascia,0.995000,0.696500,n/p,n/p,0.812700,0.896700
sam3_gtbox,test,reported,soft palate,0.683728,0.450231,n/p,n/p,0.645400,0.704900
sam3_gtbox,test,reported,suction,0.961785,0.701020,n/p,n/p,0.850000,0.913000
sam3_gtbox,test,recomputed,base of tongue,0.973692,0.701192,0.985714,0.985714,0.854190,0.920020
sam3_gtbox,test,recomputed,bipolar,1.000000,0.741955,1.000000,1.000000,0.888793,0.939040
sam3_gtbox,test,recomputed,bot,1.000000,0.810269,1.000000,1.000000,0.897270,0.945846
sam3_gtbox,test,recomputed,cut,1.000000,0.427866,1.000000,1.000000,0.712163,0.830110
sam3_gtbox,test,recomputed,endotracheal tube,1.000000,0.902475,1.000000,1.000000,0.932732,0.965129
sam3_gtbox,test,recomputed,ligasure,1.000000,0.723762,1.000000,1.000000,0.862429,0.925420
sam3_gtbox,test,recomputed,maryland,0.951371,0.692092,0.965517,0.965517,0.869867,0.928123
sam3_gtbox,test,recomputed,medial pterygoid muscle,1.000000,0.574934,1.000000,1.000000,0.778116,0.872846
sam3_gtbox,test,recomputed,monopolar,0.976213,0.695532,0.987805,0.987805,0.865872,0.924850
sam3_gtbox,test,recomputed,parapharyngeal fat,1.000000,0.549323,1.000000,1.000000,0.789970,0.880093
sam3_gtbox,test,recomputed,posterior pharyngeal wall,0.978365,0.673072,0.987654,0.987654,0.835769,0.908469
sam3_gtbox,test,recomputed,prevertebral fascia,1.000000,0.700000,1.000000,1.000000,0.813479,0.897147
sam3_gtbox,test,recomputed,soft palate,0.734728,0.474307,0.771812,0.771812,0.827402,0.901330
sam3_gtbox,test,recomputed,suction,0.961388,0.694639,0.974359,0.974359,0.861157,0.921409
monai,test,reported,base of tongue,n/p,n/p,n/p,n/p,n/p,n/p
monai,test,reported,bipolar,n/p,n/p,n/p,n/p,n/p,n/p
monai,test,reported,bot,n/p,n/p,n/p,n/p,n/p,n/p
monai,test,reported,cut,n/p,n/p,n/p,n/p,n/p,n/p
monai,test,reported,endotracheal tube,n/p,n/p,n/p,n/p,n/p,n/p
monai,test,reported,ligasure,n/p,n/p,n/p,n/p,n/p,n/p
monai,test,reported,maryland,n/p,n/p,n/p,n/p,n/p,n/p
monai,test,reported,medial pterygoid muscle,n/p,n/p,n/p,n/p,n/p,n/p
monai,test,reported,monopolar,n/p,n/p,n/p,n/p,n/p,n/p
monai,test,reported,parapharyngeal fat,n/p,n/p,n/p,n/p,n/p,n/p
monai,test,reported,posterior pharyngeal wall,n/p,n/p,n/p,n/p,n/p,n/p
monai,test,reported,prevertebral fascia,n/p,n/p,n/p,n/p,n/p,n/p
monai,test,reported,soft palate,n/p,n/p,n/p,n/p,n/p,n/p
monai,test,reported,suction,n/p,n/p,n/p,n/p,n/p,n/p
monai,test,recomputed,base of tongue,0.022948,0.004459,0.031548,0.057143,0.583723,0.736195
monai,test,recomputed,bipolar,0.957530,0.719740,0.863092,1.000000,0.859375,0.922140
monai,test,recomputed,bot,1.000000,0.710376,0.513898,1.000000,0.837183,0.911337
monai,test,recomputed,cut,0.460516,0.149603,0.843577,0.426801,0.658656,0.791952
monai,test,recomputed,endotracheal tube,0.683168,0.351209,0.877920,0.687500,0.728026,0.841490
monai,test,recomputed,ligasure,0.000000,0.000000,n/p,0.000000,n/p,n/p
monai,test,recomputed,maryland,0.390800,0.216712,0.227767,0.558621,0.763154,0.859433
monai,test,recomputed,medial pterygoid muscle,0.580836,0.295900,0.451722,0.606557,0.739482,0.846745
monai,test,recomputed,monopolar,0.390134,0.285525,0.152018,0.414634,0.835620,0.905935
monai,test,recomputed,parapharyngeal fat,0.781973,0.354174,0.512210,0.800000,0.711001,0.828379
monai,test,recomputed,posterior pharyngeal wall,0.358859,0.071533,0.235950,0.530864,0.594981,0.742828
monai,test,recomputed,prevertebral fascia,0.000000,0.000000,n/p,0.000000,n/p,n/p
monai,test,recomputed,soft palate,0.282612,0.205218,0.200077,0.395973,0.817491,0.896105
monai,test,recomputed,suction,0.447180,0.262647,0.189888,0.641026,0.761395,0.860864
